epoch,train_loss,train_acc,val_loss,val_acc,nc1,nc2,nc2_cos,nc3,nc3_dist,nc4,nc5_correlation,nc5_cka
1,3.8363130661574276,11.286666666666667,3.394922763109207,17.72,2.185233372779899,0.35759506225585935,0.1291658878326416,0.2869068384170532,0.5738137341743368,0.38573333621025085,0.7586947798728942,0.647235370166403
2,3.026649151336063,23.92,2.883113157749176,26.9,1.9646826394027788,0.31825843811035154,0.10231155902147293,0.2371559590101242,0.47431197074002057,0.472777783870697,0.8154187202453613,0.7207749768021563
3,2.4137214950539847,36.0,2.4376679241657255,35.24,1.5679347641288537,0.29281612396240236,0.08660735934972763,0.2232646495103836,0.44652936948710703,0.5410000085830688,0.7420380234718322,0.5956630509584959
4,1.9591363807293503,46.24444444444445,2.182035207748413,42.36,1.3892809108008797,0.2712982177734375,0.07434618473052979,0.20925232768058777,0.4185047017374222,0.6055333614349365,0.8098281979560852,0.7821418786980463
5,1.6669038889760321,52.913333333333334,2.094312143325806,43.26,1.2438335664743518,0.25771106719970704,0.06708585470914841,0.20451262593269348,0.40902526278980306,0.6181777715682983,0.8051599025726318,0.7774601113604166
6,1.435855740003965,58.63111111111111,2.021757486462593,46.12,1.153239113661122,0.24665998458862304,0.061455707997083664,0.19721336662769318,0.3944267296119142,0.6518444418907166,0.7920262455940247,0.7604010847562627
7,1.2611471224914899,63.208888888888886,2.0972224503755568,45.58,1.06791163036641,0.23452722549438476,0.05555860325694084,0.1910451054573059,0.3820901994048677,0.6774222254753113,0.7841827571392059,0.7513009810035789
8,1.0948579175905748,67.96222222222222,1.9785655170679093,48.36,0.9928598484272271,0.23076175689697265,0.05378887802362442,0.18576514720916748,0.3715303908853093,0.734000027179718,0.7996092677116394,0.7667998109211206
9,0.9717795127494768,70.8711111111111,2.1154346466064453,46.12,1.029330768094363,0.22689756393432617,0.05200254172086716,0.18181265890598297,0.3636253573502495,0.7183111310005188,0.7835252165794373,0.7667404716855781
10,0.8615996865555644,73.97555555555556,2.102550157904625,48.46,0.9969141038604493,0.22479669570922853,0.05104399472475052,0.17482143640518188,0.3496428642951491,0.7558222413063049,0.7727211892604828,0.7545662439942863
11,0.7641504108905792,76.73333333333333,2.2451674312353136,47.54,0.9844493927318548,0.22163782119750977,0.04961951822042465,0.1718490570783615,0.3436981422070312,0.764044463634491,0.7740747511386872,0.7361979908981741
12,0.6777246249839664,79.27555555555556,2.390446999669075,45.38,1.0348844527020453,0.21672229766845702,0.04744298756122589,0.16727665066719055,0.3345532803505216,0.7471333146095276,0.7757437348365783,0.7481965398055124
13,0.6400880894877694,80.49111111111111,2.3258090198040007,46.86,0.9946981431088803,0.21850341796875,0.0482260063290596,0.1669818013906479,0.3339636478268062,0.769955575466156,0.7848552584648132,0.7370884923484582
14,0.5876158415763215,82.07555555555555,2.197129064798355,49.38,0.9425234501833446,0.20553133010864258,0.042669832706451416,0.1543605625629425,0.3087211118014329,0.815933346748352,0.7672242403030396,0.7544936533674935
15,0.5474418473683975,83.22444444444444,2.492597207427025,44.32,0.9819675137533962,0.19978782653808594,0.040318358689546585,0.15990892052650452,0.3198178326984726,0.7838444709777832,0.766451358795166,0.7447380221522888
16,0.5238504334860905,84.17111111111112,2.348538175225258,45.14,0.9572750366981861,0.20185401916503906,0.04115661233663559,0.15320740640163422,0.30641486288297753,0.7969111204147339,0.7614529550075531,0.7228816481829596
17,0.5101045687598261,84.51777777777778,2.557699942588806,43.24,0.9769517102916966,0.20972200393676757,0.044427599757909775,0.15802814066410065,0.31605626491481414,0.7636444568634033,0.7587843894958496,0.7276841089024739
18,0.5033895258199085,84.74888888888889,2.47942276597023,43.6,1.0289040372700662,0.19527774810791015,0.03851858526468277,0.14613506197929382,0.2922701832884036,0.792044460773468,0.7656551897525787,0.7433893923019769
19,0.4777623434043066,85.49555555555555,2.3559134751558304,47.38,0.956300907104021,0.1942986297607422,0.03813329339027405,0.14014700055122375,0.28029401270964627,0.8240444660186768,0.7693618714809418,0.7308214443042702
20,0.4625996995547956,85.83333333333333,2.5314945757389067,45.48,0.9436328172949783,0.20152568817138672,0.04102283716201782,0.14377978444099426,0.2875595825846631,0.8053555488586426,0.7495846509933471,0.712674977173478
21,0.4543426431376826,86.03333333333333,2.760560300946236,44.88,0.9621605675017317,0.20277360916137696,0.04153245687484741,0.1492229849100113,0.2984459627810452,0.7872889041900635,0.773481035232544,0.7304048677738983
22,0.4680115658027882,85.83555555555556,2.695622080564499,44.32,0.96110462237138,0.19816314697265625,0.03966528922319412,0.14803259074687958,0.29606520123254315,0.7770444750785828,0.7825445711612702,0.7512394534053827
23,0.4486645206978375,86.40666666666667,2.5284174025058745,46.62,0.8921686696249843,0.19557525634765624,0.038636043667793274,0.13481341302394867,0.26962686340293884,0.8478444814682007,0.7624808013439178,0.7204546510834071
24,0.4481683014045385,86.32666666666667,2.706460291147232,43.18,0.9533798487873825,0.19282403945922852,0.03755668178200722,0.1433548480272293,0.2867096957040326,0.7807999849319458,0.7723904490470886,0.769249269084128
25,0.42818602695214475,87.01333333333334,2.7246304631233214,43.26,1.0378068359131931,0.1894715690612793,0.03626209869980812,0.1399669200181961,0.2799338305046058,0.7983333468437195,0.7615803778171539,0.7367540116295838
26,0.4448273860087449,86.30444444444444,2.6023322701454163,46.3,0.8972747064355484,0.19740665435791016,0.039363011717796326,0.13825975358486176,0.27651948665652754,0.832288920879364,0.7828559517860413,0.7508416861069664
27,0.4317048391835256,86.94666666666667,2.4507305055856703,45.18,0.9326661027551024,0.18448410034179688,0.03437816724181175,0.12879954278469086,0.2575991139124744,0.8451111316680908,0.7454873383045196,0.7000065027280175
28,0.4240970663218336,87.15333333333334,2.8609185397624968,43.76,0.9267963524264954,0.19715505599975586,0.03926274925470352,0.13892467319965363,0.27784933019626123,0.7926889061927795,0.7932838380336762,0.7797690217856339
29,0.41950472397729754,87.24666666666667,2.532792389392853,45.7,0.9518498098549821,0.1848508071899414,0.03451497480273247,0.12881621718406677,0.2576324646580383,0.8308889269828796,0.7639209628105164,0.7542757405584251
30,0.4325552332553674,87.00444444444445,2.6807094395160673,41.86,1.026129844592033,0.1874571418762207,0.03549513220787048,0.13686631619930267,0.2737326384771427,0.7858444452285767,0.7490036904811859,0.7385628489104166
31,0.4109145720404657,87.65333333333334,2.70369268655777,46.34,0.9123877396241982,0.18521224975585937,0.034650083631277084,0.1264769732952118,0.2529539547497939,0.8392000198364258,0.7610491812229156,0.7368872357821188
32,0.41563016684217885,87.43555555555555,2.746323323249817,44.36,0.9657446331547197,0.18713735580444335,0.03537413477897644,0.1314159482717514,0.2628318901338594,0.8191333413124084,0.7616334021091461,0.7282120905193287
33,0.4207842976532199,87.32,2.499495357275009,45.18,0.8860533468766434,0.18776132583618163,0.035610418766736984,0.12586233019828796,0.2517246323849486,0.8356888890266418,0.7731002867221832,0.7731742288942592
34,0.4028514300219037,87.73333333333333,2.51315451413393,46.04,0.8937177735290817,0.18939056396484374,0.03623110055923462,0.12300193309783936,0.24600384725701815,0.84862220287323,0.750397652387619,0.7195870568210503
35,0.4176794241013175,87.52222222222223,2.6727256670594217,43.36,0.9139534772169705,0.19296722412109374,0.03761247172951698,0.13113242387771606,0.262264802976606,0.8029333353042603,0.7669307231903076,0.7170240455084612
36,0.40425410032780335,87.78222222222222,2.6339505910873413,45.02,0.9345360725143886,0.19029041290283202,0.03657620772719383,0.12984029948711395,0.2596806133369705,0.818755567073822,0.7789252460002899,0.7473249716287667
37,0.415795602243055,87.36444444444444,2.881726798415184,40.6,0.9727196348959407,0.19041570663452148,0.03662438690662384,0.13510939478874207,0.27021875520455296,0.758222222328186,0.7578119754791259,0.7460910705522475
38,0.41618124554357067,87.50666666666666,2.6207935363054276,45.2,0.9159776731158433,0.17928550720214845,0.03246797248721123,0.11932460218667984,0.2386492303283012,0.8384888768196106,0.7587163150310516,0.7261449468869577
39,0.4113700225187296,87.71555555555555,2.6236254304647444,43.9,0.9778672228676335,0.17908403396606445,0.03239504620432854,0.12280931323766708,0.24561863629264735,0.8215555548667908,0.7613483726978302,0.7430199999299301
40,0.40849084373224864,87.74666666666667,2.6150094270706177,45.78,0.8568069207281581,0.18094356536865233,0.033071283251047134,0.12300219386816025,0.24600441487027866,0.8408666849136353,0.7634410560131073,0.7353056273222931
41,0.3746014880863103,88.89333333333333,2.51729311645031,46.34,0.9431575916581708,0.17500978469848633,0.03093780390918255,0.11362382769584656,0.22724763694892317,0.8534889221191406,0.7657628357410431,0.740975979288858
42,0.4151423883793706,87.50888888888889,2.762849661707878,43.44,0.927901835525668,0.17471399307250976,0.03083331324160099,0.1231268122792244,0.24625366033571708,0.8106444478034973,0.7645198285579682,0.7231299224775187
43,0.4053928699683059,87.81555555555556,2.587317183613777,45.18,0.9275388125258881,0.17454641342163085,0.03077419102191925,0.11574899405241013,0.23149803365173283,0.8425999879837036,0.7469660520553589,0.7023554992635744
44,0.41959020609713416,87.39333333333333,2.5408167600631715,45.26,0.9177929387463591,0.1810175895690918,0.03309835493564606,0.11474395543336868,0.22948791313007177,0.855733335018158,0.7553796529769897,0.7297204726954779
45,0.3715233622880822,88.96,3.0341159820556642,43.0,0.864663858822985,0.18257781982421875,0.03367137536406517,0.11991070210933685,0.23982143895119407,0.7969111204147339,0.7666088879108429,0.7259121018347319
46,0.3893301898020912,88.34222222222222,2.6754024386405946,42.72,0.9396062290993566,0.18453218460083007,0.034396085888147354,0.12325435131788254,0.24650871391992268,0.8160222172737122,0.7644064366817475,0.7378717982623562
47,0.4107019588012587,87.78666666666666,2.7202798545360567,42.96,0.9291073501038635,0.1781904411315918,0.032072555273771286,0.1177506074309349,0.23550120341189767,0.8313778042793274,0.7619218111038208,0.730618225868817
48,0.4059462148103524,87.82444444444444,2.6687972366809847,44.78,0.917005454169604,0.17223512649536132,0.029964584857225418,0.1076480820775032,0.21529620886235534,0.8546888828277588,0.746343070268631,0.7192259512088891
49,0.40226669275117194,88.11333333333333,2.788430333137512,42.68,0.8918526475938083,0.18249107360839845,0.033639390021562576,0.11786109954118729,0.2357222439346151,0.8211555480957031,0.7615794837474823,0.75238811505988
50,0.3739885629832067,88.71333333333334,2.737638419866562,43.74,0.9106823488093053,0.17170076370239257,0.029778942465782166,0.11117647588253021,0.2223529602509393,0.8231333494186401,0.7568471372127533,0.7219714853487849
51,0.4070140127177266,87.82444444444444,2.7219709873199465,44.72,0.903515078299554,0.1817690086364746,0.03337371349334717,0.12035387009382248,0.24070774379143586,0.8202666640281677,0.7660778105258942,0.7324675078573553
52,0.4115158511241051,87.69777777777777,2.6769391298294067,43.38,0.931950643220981,0.17825201034545898,0.03209473192691803,0.11400239914655685,0.22800480189553354,0.8265555500984192,0.7385014653205871,0.6867441289789822
53,0.39355879357423296,88.29777777777778,3.009262555837631,39.32,1.0058381602550228,0.17624113082885742,0.03137468919157982,0.12239671498537064,0.2447934860902228,0.7660444378852844,0.7355754673480988,0.6923178178983864
54,0.38573374078524386,88.52222222222223,2.577529364824295,46.22,0.8935272842665953,0.17282270431518554,0.030169382691383362,0.10464843362569809,0.2092968957038829,0.855222225189209,0.7474741339683533,0.7182035053290295
55,0.37799236131832004,88.80666666666667,2.9517877280712126,42.6,0.9259284021564204,0.17473033905029298,0.03083907999098301,0.11434995383024216,0.22869991901389766,0.8181111216545105,0.7359342277050018,0.6971982001681887
56,0.3963932938535105,88.08444444444444,2.6106217086315153,45.84,0.8823810820292504,0.1755613136291504,0.03113310970366001,0.11231206357479095,0.22462413212135515,0.8568666577339172,0.7577927231788635,0.752035323509251
57,0.3855550312437117,88.38444444444444,2.6423837780952453,44.96,0.8961220042029585,0.1846381187438965,0.03443559259176254,0.11282144486904144,0.22564289366912135,0.8492444753646851,0.7697392165660858,0.728683277029754
58,0.3816061082973399,88.64444444444445,2.6154298961162565,45.06,0.8795896774880395,0.16405292510986327,0.027185212820768356,0.10442283749580383,0.20884565981865308,0.8478888869285583,0.7449343085289002,0.7127419836400146
59,0.3983633184636181,88.20222222222222,2.6337476909160613,45.96,0.9000219324659597,0.17150327682495117,0.029710479080677032,0.1051526740193367,0.21030534104503204,0.8637778162956238,0.7621951758861542,0.7338380355167534
60,0.38954799592664296,88.36444444444444,2.8605278193950654,43.38,0.915306246587461,0.1715816307067871,0.02973763644695282,0.10596685856580734,0.21193374660928385,0.830488920211792,0.7525350987911225,0.7076013342009486
61,0.09635379898827523,97.76666666666667,1.7238511562347412,58.78,0.5153431708994699,0.1338065719604492,0.018085049465298653,0.05170825868844986,0.10341652091684012,0.9995333552360535,0.7372307538986206,0.7146721317687413
62,0.015558338484631597,99.92888888888889,1.6808836579322814,59.56,0.48383593980587525,0.12717509269714355,0.016336873173713684,0.04698040708899498,0.09396083016609338,0.9999777674674988,0.732024085521698,0.7098381599600303
63,0.011266259954109873,99.95333333333333,1.656025731563568,59.64,0.462752922868975,0.12330636978149415,0.01535804383456707,0.04384685307741165,0.08769373326760842,0.9999111294746399,0.7274716913700103,0.7079837763170932
64,0.010086462245619094,99.96666666666667,1.6304074466228484,59.84,0.4447322715082841,0.12041605949401855,0.014646492898464203,0.04181400313973427,0.08362800528436821,1.0,0.7230527698993683,0.7016446555976658
65,0.00967290591374463,99.96888888888888,1.610096624493599,59.94,0.42776522634586617,0.11722434043884278,0.0138803506270051,0.03947994485497475,0.07895988466084475,0.9999555945396423,0.7198435366153717,0.7017305231893796
66,0.009649522545673377,99.96666666666667,1.6037547826766967,59.9,0.4108383857459381,0.11432754516601562,0.013202817179262638,0.037565555423498154,0.07513110716223537,1.0,0.7142480731010437,0.6953581216819382
67,0.010104050148087977,99.96444444444444,1.5946305871009827,59.98,0.39113902804388334,0.11228116035461426,0.01273440197110176,0.03599749132990837,0.07199500196046756,0.9999777674674988,0.7104461789131165,0.6896106147925107
68,0.009708098594935356,99.97333333333333,1.5863037526607513,60.62,0.37431612945935727,0.10996500968933105,0.012214448302984238,0.03425280749797821,0.06850561491321287,1.0,0.7072670996189118,0.6874202129836864
69,0.009903915252917532,99.96444444444444,1.5828697770833968,60.58,0.355603841251418,0.10767447471618652,0.011710903607308865,0.032661691308021545,0.06532338902625781,1.0,0.704200279712677,0.6850311336457525
70,0.010118555630800653,99.96888888888888,1.5846459954977035,59.94,0.3373439185540331,0.10556999206542969,0.011257599107921124,0.031131841242313385,0.06226367682466446,0.9999555945396423,0.7007718920707703,0.6813213109244665
71,0.009758410037399946,99.97111111111111,1.5781269252300263,60.54,0.3188147812852607,0.10344448089599609,0.010808850638568401,0.029915155842900276,0.059830331201410444,0.9999777674674988,0.6972310900688171,0.6778464378761805
72,0.009780393430529248,99.97555555555556,1.5829830825328828,60.3,0.3005924073213272,0.10129045486450196,0.010363390669226646,0.028778955340385437,0.05755792089593342,1.0,0.694476991891861,0.6787020893589936
73,0.009774803759434937,99.97111111111111,1.5869960337877274,59.98,0.2831918010049668,0.09964040756225585,0.010028495453298092,0.02763473615050316,0.05526947978744886,1.0,0.6915648758411408,0.6743020771306016
74,0.00977464174237949,99.96666666666667,1.5930239796638488,60.24,0.2670338815082751,0.09788260459899903,0.009677783586084843,0.026394091546535492,0.05278819095144684,1.0,0.6882886528968811,0.670778700029717
75,0.009866983067530038,99.96888888888888,1.6021230608224868,60.22,0.24961552599557674,0.09610509872436523,0.009329484775662422,0.025668706744909286,0.05133740514941621,1.0,0.6868776679039001,0.6703677185436818
76,0.009500329315249639,99.96888888888888,1.6092124044895173,60.08,0.23353169763077347,0.09442061424255371,0.009005306288599968,0.024763021618127823,0.049526055909864794,0.9999777674674988,0.6842364847660065,0.6676617602357868
77,0.009562837080342102,99.97333333333333,1.6156760692596435,60.22,0.2191478753477768,0.09341800689697266,0.00881507620215416,0.02391958422958851,0.04783918192607018,1.0,0.6828637063503266,0.6682768619060642
78,0.009421385085178454,99.96888888888888,1.6278929084539413,60.24,0.2046559978551731,0.09133395195007324,0.008426152169704437,0.022979430854320526,0.04595886704637962,0.9999555945396423,0.678868418931961,0.6631554178278882
79,0.009272172062827105,99.97333333333333,1.6352203786373138,60.44,0.18907343066885654,0.09019265174865723,0.00821688398718834,0.022401047870516777,0.04480205646381364,1.0,0.6769854247570037,0.661013049703806
80,0.00942151019460818,99.96888888888888,1.6439396619796753,60.26,0.17680890559107834,0.08904297828674317,0.008008738979697227,0.021805226802825928,0.04361044644506876,1.0,0.6748560547828675,0.6553947416456833
81,0.00928099394844718,99.96888888888888,1.655418547987938,60.42,0.16371868238012677,0.08761913299560548,0.007754658814519644,0.02093474380671978,0.04186948251299384,1.0,0.6734062671661377,0.6570039409513179
82,0.009050217859277671,99.97111111111111,1.6715505808591842,60.6,0.15223231120329433,0.08667513847351074,0.007588464766740799,0.02021346613764763,0.0404269392379598,1.0,0.6716192185878753,0.6552327961804193
83,0.009113909269217402,99.96444444444444,1.6784344166517258,60.46,0.14147853411215666,0.08550520896911622,0.0073849912732839584,0.019666027277708054,0.03933205940560938,0.9999555945396423,0.6708960711956025,0.654711260815176
84,0.009315824320021255,99.97333333333333,1.6816059619188308,60.14,0.13114543133999437,0.0847976016998291,0.007263265550136566,0.01937718316912651,0.03875437256083515,1.0,0.6681862652301789,0.6491378375390084
85,0.009591040446221914,99.96,1.6926779270172119,60.48,0.12156874659672645,0.08356539726257324,0.007053712848573923,0.018625104799866676,0.037250212775565075,1.0,0.6672230243682862,0.6482152672769805
86,0.009167512791464105,99.96888888888888,1.6990672796964645,60.92,0.11268549840251886,0.08317225456237792,0.006987499073147774,0.018412236124277115,0.03682447190557525,0.9999555945396423,0.669021600484848,0.6505420819978804
87,0.008776862011555668,99.97111111111111,1.713526976108551,60.02,0.10489801015058148,0.08204940795898437,0.006800108123570681,0.017829779535531998,0.03565956254295216,1.0,0.6663417339324951,0.649232411453942
88,0.009265659019795501,99.96666666666667,1.7104991137981416,60.32,0.09733347778732959,0.08119004249572753,0.0066584087908267975,0.017618095502257347,0.03523618050566313,0.9999555945396423,0.6638844430446624,0.6439355212003062
89,0.009157309831194156,99.96666666666667,1.727526170015335,60.4,0.09168129079192248,0.08068171501159668,0.006575292907655239,0.017041103914380074,0.03408220235005729,0.9999333620071411,0.6647707879543304,0.6482766518444689
90,0.008571561678598466,99.97333333333333,1.7282962381839753,60.48,0.08582120421633797,0.08014811515808105,0.00648860540241003,0.016715524718165398,0.03343106775747074,1.0,0.6653509080410004,0.6496658812347341
91,0.009040500901226716,99.97555555555556,1.73696249127388,60.54,0.08082652450524742,0.0790757703781128,0.006316139362752438,0.016361473128199577,0.032722921488771706,1.0,0.6612572312355042,0.6426968358098046
92,0.008586973941419274,99.97777777777777,1.7379617720842362,60.36,0.07469892150393156,0.078514986038208,0.006226871628314257,0.0159187912940979,0.03183757862212943,1.0,0.6608781814575195,0.6409003657065323
93,0.008336593701229007,99.97555555555556,1.7548150897026062,60.76,0.07148807122125184,0.07777555465698242,0.006110138259828091,0.015654783695936203,0.03130957341651083,1.0,0.6604795038700104,0.6430224704107773
94,0.008907513862306421,99.97555555555556,1.7618949100375176,60.18,0.0754352989606909,0.07771992206573486,0.006101400591433048,0.01556409802287817,0.031128204914194272,0.9999333620071411,0.6599084973335266,0.6434437130166748
95,0.009767969530499116,99.97111111111111,1.7560288727283477,60.34,0.07218593739891331,0.0772499418258667,0.0060278321616351604,0.015191859565675259,0.03038373670216643,1.0,0.6585142493247986,0.6425518414972076
96,0.00964452082487035,99.97333333333333,1.7539934366941452,59.84,0.07343329274361667,0.07650038719177246,0.005911423824727535,0.014956231229007244,0.029912459009290304,0.9999777674674988,0.6584186017513275,0.6387001643299086
97,0.009456135524405081,99.97555555555556,1.741953057050705,60.78,0.07074738391596609,0.07592310428619385,0.005822543520480394,0.01457790844142437,0.02915583460609028,0.9999777674674988,0.6565682053565979,0.6324423600615916
98,0.009433186283620837,99.97333333333333,1.736717614531517,60.76,0.07222916875608171,0.07570136547088623,0.005788582842797041,0.014400679618120193,0.028801356091268104,1.0,0.6569692850112915,0.6360731364566528
99,0.01092535964959428,99.97111111111111,1.7408780381083488,60.18,0.08352489006212306,0.07577781677246094,0.005800280719995499,0.014073069207370281,0.02814613034554,0.9999777674674988,0.6595541715621949,0.6428555311587176
100,0.02535795748090922,99.80222222222223,2.1336300551891325,49.96,0.3346788097732066,0.09878250122070313,0.009856549091637135,0.03307875990867615,0.06615750757927344,0.9731555581092834,0.7113554894924163,0.6846650922246205
101,1.0580074752850288,71.34222222222222,2.008656683564186,49.32,0.6834825220818801,0.17437652587890626,0.03071431629359722,0.1012941524386406,0.20258832940854518,0.8667555451393127,0.7332257151603698,0.6891817880920185
102,0.3476900369013575,90.72,2.0745826363563538,50.3,0.5702964268863311,0.14239198684692383,0.020480282604694366,0.056146569550037384,0.11229314922835329,0.9515555500984192,0.729631531238556,0.7105273578869127
103,0.10807219406970861,97.58888888888889,1.9278974950313568,54.76,0.4189782882473341,0.1155472469329834,0.013486026786267757,0.031781986355781555,0.06356397451128032,0.992555558681488,0.7281164586544037,0.703511932872851
104,0.03384151695486666,99.5,1.7538568735122682,58.16,0.3112579575409282,0.10021431922912598,0.010144352912902832,0.02047022618353367,0.040940445999185615,0.9993111491203308,0.6966976344585418,0.6757192253405637
105,0.013145331116737163,99.87777777777778,1.65443075299263,60.02,0.25396768521484225,0.0934346580505371,0.008818216621875763,0.016077373176813126,0.032154752337464884,0.9998666644096375,0.6860720157623291,0.6643761767374247
106,0.006554017584262924,99.94888888888889,1.5997428864240646,60.7,0.21476490705751397,0.08831888198852539,0.007879015058279037,0.013975519686937332,0.027951022390188884,0.9999777674674988,0.6762484908103943,0.6626089187394102
107,0.005640340687188489,99.96,1.589852300286293,60.46,0.19593731449980675,0.0863443946838379,0.007530661765486002,0.013414856977760792,0.02682971008945984,0.9998888969421387,0.6754441738128663,0.6587477656639175
108,0.005300819732259366,99.96222222222222,1.5907331869006156,60.74,0.17414418102420756,0.08423354148864746,0.007166959345340729,0.01270256470888853,0.025405129191722296,1.0,0.6701025128364563,0.6512423022287124
109,0.0055898096444169905,99.96,1.594133435189724,61.0,0.15634031181818664,0.08244664192199708,0.00686611095443368,0.012296635657548904,0.024593271153253795,1.0,0.6680766463279724,0.6532167444758877
110,0.005902016614113977,99.97111111111111,1.5962934345006943,61.06,0.14114827038504305,0.08133316040039062,0.0066819023340940475,0.011868220753967762,0.023736446955890642,1.0,0.666489326953888,0.6493896004214793
111,0.00624250125243138,99.96888888888888,1.6155305713415147,60.94,0.1269418486307361,0.08016229629516601,0.006490903440862894,0.011630467139184475,0.023260914344987782,0.9999555945396423,0.6650295615196228,0.6491296145355041
112,0.006598346852776806,99.97333333333333,1.6259701743721962,60.84,0.11469865528757715,0.07922051429748535,0.006339282728731632,0.011115167289972305,0.02223034244396004,0.9999333620071411,0.6627369701862336,0.6446549182024128
113,0.0072881620184158565,99.96666666666667,1.6505807250738145,60.46,0.10642130030198627,0.0788862180709839,0.0062858946621418,0.01131551805883646,0.022631021189315703,0.9999111294746399,0.6651796638965607,0.6511134866273103
114,0.007688358203846623,99.96444444444444,1.645309917628765,61.24,0.092732003850469,0.07744779586791992,0.006058748345822096,0.010806753300130367,0.021613511693868902,0.9999777674674988,0.6605378448963165,0.6390027958208503
115,0.007438157030264847,99.97111111111111,1.6541331887245179,61.48,0.08246582860482704,0.07663429737091064,0.005932137370109558,0.010429301299154758,0.020858607813782015,0.9999333620071411,0.6604395508766174,0.6427032733999198
116,0.0074593159039399,99.96666666666667,1.667327481508255,61.08,0.07537593491554324,0.07609007835388183,0.005848182365298271,0.010497338138520718,0.02099467999489434,0.9999555945396423,0.6606123089790344,0.6410163358046275
117,0.00767727249529509,99.97333333333333,1.6962600737810134,60.66,0.07208990449897305,0.07573412418365479,0.0057935938239097595,0.010706153698265553,0.021412301137502823,0.9999777674674988,0.6604258477687835,0.6455567675116777
118,0.007915871229752984,99.96888888888888,1.6993073016405105,60.78,0.06381294592490187,0.07469210624694825,0.005635263863950968,0.010430052876472473,0.020860105703391696,0.9999111294746399,0.6581944048404693,0.63843283170342
119,0.008154559207138267,99.97333333333333,1.7140524804592132,60.86,0.06213791058760106,0.07419544696807862,0.0055605703964829445,0.01044914685189724,0.0208982907632668,1.0,0.660111540555954,0.644595072695348
120,0.008515161808728326,99.97111111111111,1.7281465381383896,60.5,0.060099950569794836,0.0736004114151001,0.005471738055348396,0.010185549035668373,0.020371093374445905,1.0,0.6575318872928619,0.6384105638177113
121,0.007855004115051335,99.97777777777777,1.7089931219816208,61.14,0.053541387979535345,0.07321686744689941,0.005414857994765043,0.009748867712914944,0.019497760838925304,0.9999555945396423,0.6567513287067414,0.638743143087847
122,0.007176901813099076,99.97555555555556,1.7203235059976578,61.14,0.0504534095943608,0.07297737598419189,0.005379491951316595,0.009798181243240833,0.019596361233812018,0.9998666644096375,0.656602966785431,0.6390730963365201
123,0.006855669923507693,99.97555555555556,1.726472756266594,61.28,0.04831337322801805,0.07277314186096191,0.005349424667656422,0.009542865678668022,0.019085752034789606,1.0,0.6557469844818116,0.6374223605983357
124,0.00670278989921578,99.98222222222222,1.7280576288700105,61.08,0.04653086266004133,0.0727438735961914,0.005345122888684273,0.009738734923303127,0.01947746833602878,0.9999555945396423,0.655845558643341,0.6385275144196185
125,0.006647203207566318,99.98222222222222,1.730962586402893,60.92,0.044127343326118396,0.07237343788146973,0.005290823057293892,0.009697136469185352,0.0193942689685413,0.9999111294746399,0.6558314979076385,0.6379627960709319
126,0.006617029987286183,99.98444444444445,1.7393891245126725,60.98,0.042518080038975,0.07228670597076416,0.0052781496196985245,0.009776880964636803,0.019553763891122032,1.0,0.654617315530777,0.6366487607663243
127,0.006597535643694838,99.98,1.7420358210802078,60.74,0.04105993910972811,0.07220898151397705,0.005266805179417133,0.009701985865831375,0.019403958802291895,1.0,0.655238687992096,0.6368821099668746
128,0.006665781362574886,99.98222222222222,1.7480565950274467,60.86,0.03995855798130945,0.07207213878631592,0.00524686137214303,0.009846717119216919,0.019693433648640735,0.9998222589492798,0.6548998475074768,0.6395285660225951
129,0.006683870729334144,99.97777777777777,1.7541959762573243,60.74,0.03855651525289249,0.07181140422821045,0.005208968184888363,0.00971135776489973,0.019422704437857305,0.9999111294746399,0.6543086171150208,0.6386888666271849
130,0.006598660669458861,99.98444444444445,1.7498296841979026,60.68,0.037381161340616226,0.07187650203704835,0.00521841598674655,0.009851048700511456,0.019702096894150287,0.9998666644096375,0.6550439357757568,0.6358911779558756
131,0.006629829096544365,99.97333333333333,1.7630251824855805,60.78,0.0364349906838358,0.07175450801849365,0.0052007162012159824,0.009531550109386444,0.019063090963754803,0.9998666644096375,0.6540769100189209,0.6384874646664116
132,0.006678607092577626,99.98222222222222,1.7631424501538278,60.86,0.03529558498641071,0.07164248466491699,0.005184490699321032,0.009699953719973564,0.019399920523998304,0.9999111294746399,0.6542329907417297,0.6383998620320377
133,0.006821789524771951,99.98444444444445,1.764475317299366,60.92,0.03433741820607152,0.07153029918670654,0.005168266594409943,0.009789886884391308,0.019579780455396757,1.0,0.6539976596832275,0.6350130343176346
134,0.006842982926173136,99.98222222222222,1.770198304951191,61.1,0.03349273159459781,0.07134301662445068,0.0051412382163107395,0.00966446753591299,0.019328937491081888,0.9999111294746399,0.6539294719696045,0.6361627031298271
135,0.006830715010768141,99.98,1.7749461263418198,60.76,0.03266769187545651,0.07135851383209228,0.005143472459167242,0.009759429842233658,0.019518856663673888,0.9999555945396423,0.6537693858146667,0.6379362488381449
136,0.006795604140444828,99.98222222222222,1.7725498855113984,60.76,0.03190811294723736,0.07132352828979492,0.005138430744409561,0.009621856734156609,0.019243724524212667,0.9999555945396423,0.6535602390766144,0.636162597899558
137,0.0068026429097781975,99.98,1.7793170273303986,61.0,0.03105966646869068,0.07115900039672851,0.005114750936627388,0.009663858450949192,0.01932774421788963,0.9998666644096375,0.6527042150497436,0.6328123197838054
138,0.006806010529875162,99.98444444444445,1.7870543360710145,60.76,0.03028904474837524,0.07094123363494872,0.005083492491394281,0.009646674618124962,0.01929335401661092,0.9999111294746399,0.6528254210948944,0.6334654156508704
139,0.00698064161141784,99.97777777777777,1.7907759487628936,60.52,0.02942386480574073,0.07091012001037597,0.005079035647213459,0.009564456529915333,0.01912890846700307,0.9998666644096375,0.6521401047706604,0.6340314724155864
140,0.007052315121241422,99.97333333333333,1.7903850927948952,60.82,0.028951852886925335,0.07084708213806153,0.005070009268820286,0.009547448717057705,0.019094903255393092,0.9999111294746399,0.6520482897758484,0.6351935446806417
141,0.006922015563098036,99.98444444444445,1.7892696142196656,60.96,0.02852678855687194,0.07086707592010498,0.0050728716887533665,0.009538852609694004,0.019077712761861817,0.9999111294746399,0.6520788013935089,0.6318832069979609
142,0.007040220106401565,99.97555555555556,1.7980644017457963,60.64,0.02800826897864745,0.07080670356750489,0.005064232274889946,0.00948176346719265,0.01896351524630987,1.0,0.6519459009170532,0.634032970171604
143,0.006878294237222607,99.98,1.8001865059137345,61.0,0.02722247543879241,0.07059168338775634,0.005033520981669426,0.009584729559719563,0.019169472747635155,0.9999111294746399,0.652373081445694,0.6325004841487966
144,0.007077755066513253,99.97777777777777,1.8080980092287064,60.38,0.026863891547515433,0.07053162574768067,0.0050249602645635605,0.00958054605871439,0.01916107262974961,0.9998666644096375,0.6520578801631928,0.6341837004225337
145,0.00693463855184911,99.98444444444445,1.803469941020012,60.78,0.026090876659331592,0.07047931671142578,0.005017509683966637,0.009474829770624638,0.018949665885540982,1.0,0.6525800168514252,0.6355796493163532
146,0.0071828734931345525,99.97333333333333,1.8140686869621276,60.72,0.025723402434781294,0.07053065299987793,0.0050248210318386555,0.00946668442338705,0.018933390575532484,0.9999555945396423,0.6518153846263885,0.6350228068790376
147,0.007148414465270683,99.98,1.8230686694383622,60.28,0.025284435220837793,0.07044717788696289,0.005012934561818838,0.009522710926830769,0.019045391638429124,1.0,0.651713365316391,0.6371222675898615
148,0.007071111770611341,99.98222222222222,1.8168346405029296,60.52,0.02469876734847682,0.07030731678009033,0.004993049893528223,0.009415857493877411,0.018831730151123906,0.9998666644096375,0.6510357439517975,0.6350233793380979
149,0.007068848967636851,99.97555555555556,1.8292944729328156,60.04,0.024185724415017526,0.07006287574768066,0.004958390723913908,0.009343033656477928,0.01868607802925965,1.0,0.6500369250774384,0.6317480372073356
150,0.0072076115717539906,99.98,1.8242282807826995,60.58,0.023652791700529453,0.07005265712738037,0.00495694437995553,0.009334700182080269,0.01866939836302791,0.9999555945396423,0.6504966080188751,0.6317372306209762
151,0.00721902774636295,99.97777777777777,1.827053990960121,60.28,0.0233883446460266,0.07007027626037597,0.004959437996149063,0.00929498951882124,0.018589970150259347,0.9998666644096375,0.6499322891235352,0.6319854306641474
152,0.007177561942212792,99.97333333333333,1.8249764323234559,60.6,0.022942146091856054,0.07005273818969726,0.004956956021487713,0.009368976578116417,0.018737956668704925,0.9999111294746399,0.6510542869567871,0.6326596036925679
153,0.007399262867031873,99.97333333333333,1.831259298324585,60.5,0.022838936354619407,0.06999667644500733,0.0049490248784422874,0.009279157035052776,0.018558302140124994,0.9999555945396423,0.6503050446510314,0.6329256469936684
154,0.007073291688522493,99.9888888888889,1.834965917468071,59.88,0.022377631091340767,0.06991763114929199,0.004937853664159775,0.00913582555949688,0.018271649395419587,1.0,0.6512053966522217,0.636805663877966
155,0.00720028657683129,99.97777777777777,1.8384675681591034,60.5,0.021815870898858416,0.06970705986022949,0.004908156115561724,0.009098010137677193,0.0181960024874661,0.9999555945396423,0.6494682908058167,0.6300803539926296
156,0.007238972607989457,99.98,1.8402104914188384,60.46,0.021739621561741525,0.06973780632019043,0.004912486299872398,0.009374895133078098,0.01874979246752005,0.9999111294746399,0.6502919375896454,0.633832984210368
157,0.007196615291336043,99.98,1.8392367333173751,60.38,0.021205153747863633,0.06970537185668946,0.0049079181626439095,0.009138494729995728,0.018276980241592043,0.9999555945396423,0.6490401983261108,0.6288040035926745
158,0.007287660872944715,99.98666666666666,1.8397113859653473,60.4,0.020861415452701565,0.06957959175109864,0.0048902216367423534,0.00897973496466875,0.01795948021012009,0.9999111294746399,0.6488822400569916,0.6300476697938194
159,0.00726593552892816,99.98444444444445,1.8440477788448333,60.14,0.020510905836953076,0.06950631618499756,0.004879927262663841,0.00896908063441515,0.017938162318742457,0.9999555945396423,0.6494871795177459,0.6313270350195872
160,0.007314273636438884,99.97777777777777,1.8439346104860306,60.2,0.020321597493526522,0.06948241233825683,0.004876571241766214,0.009110950864851475,0.01822188834121846,0.9998666644096375,0.6495063543319702,0.632299643588359
161,0.007187699225720611,99.98222222222222,1.848149660229683,60.34,0.019894160095491397,0.06941547393798828,0.004867180250585079,0.009018651209771633,0.01803728875735544,0.9998666644096375,0.6492726385593415,0.6316214367869878
162,0.006997254140018908,99.98444444444445,1.8450376451015473,60.34,0.01958272746334921,0.06933801651000976,0.0048563238233327866,0.008963950909674168,0.017927916733737136,0.9999111294746399,0.6482659459114075,0.6288205516803176
163,0.0070752109763403,99.98,1.8509498924016952,60.3,0.019425067656603987,0.06937469005584716,0.0048614623956382275,0.009085211902856827,0.018170443559734507,0.9998666644096375,0.6486247718334198,0.6328527835750883
164,0.006976793688161045,99.97777777777777,1.8468181908130645,60.42,0.019071768872828115,0.06943938255310059,0.004870533477514982,0.009169799275696278,0.018339587135693024,0.9999111294746399,0.6489851117134094,0.631155241696314
165,0.006941530432827262,99.98666666666666,1.8509922474622726,60.28,0.01897554048050593,0.06930742263793946,0.004852039739489555,0.008907092735171318,0.017814161035190068,0.9999555945396423,0.6487957835197449,0.6326708592882921
166,0.006856930546663617,99.98222222222222,1.849880826473236,60.68,0.018782615868847035,0.0693104887008667,0.004852468613535166,0.009289306588470936,0.01857860412345019,0.9998222589492798,0.6495263338088989,0.6330957603011396
167,0.006919791244647719,99.9888888888889,1.8581746071577072,60.34,0.01864582828017822,0.0692173433303833,0.004839434754103422,0.00900504644960165,0.0180100785495371,0.9999555945396423,0.6482961773872375,0.630603297580206
168,0.006930976803149943,99.98222222222222,1.8541542261838913,60.18,0.018550283122050298,0.06923893928527831,0.0048424554988741875,0.008968723006546497,0.01793744704421499,0.9998666644096375,0.6475364208221436,0.6267180715692401
169,0.006853746177512221,99.98444444444445,1.8556652128696443,60.42,0.018266929885638748,0.06926755428314209,0.004846458788961172,0.008932596072554588,0.01786517579957092,0.9998666644096375,0.6484821736812592,0.6304523349625807
170,0.006872189722013321,99.98444444444445,1.8581040441989898,60.1,0.01813668395989348,0.06910855293273926,0.004824234172701836,0.009014198556542397,0.01802837219929998,0.9998666644096375,0.6491029143333436,0.6341992697703769
171,0.0069435072615636854,99.98444444444445,1.859790188074112,60.24,0.01805877053824595,0.06914535045623779,0.004829373676329851,0.008929137140512466,0.01785827403336043,0.9998666644096375,0.6484820067882537,0.6307932620573504
172,0.006751396803090095,99.99111111111111,1.8566691994667053,60.64,0.017968350656546336,0.06917030811309814,0.004832859616726637,0.008933138102293015,0.017866265674022087,0.9999111294746399,0.6483825445175171,0.6296868846817733
173,0.006839447287017141,99.97777777777777,1.8628522872924804,60.12,0.017825148128024156,0.06913169860839843,0.004827466327697039,0.008874427527189255,0.017748856130975953,0.9997777938842773,0.6476608872413635,0.6276220480278918
174,0.0068611892784247175,99.98666666666666,1.8594123542308807,60.26,0.01761263807193799,0.06911182403564453,0.004824691452085972,0.008768279105424881,0.017536556977248097,0.9999111294746399,0.6483499526977539,0.6280680324233432
175,0.006911628502579829,99.98444444444445,1.8612418860197066,60.28,0.01746972927826721,0.06903214931488037,0.004813573323190212,0.00895640067756176,0.017912817097581524,0.9999555945396423,0.6484499275684357,0.6306122233744152
176,0.006766613829478791,99.97777777777777,1.8620899319648743,60.1,0.017409851807918757,0.06918232440948487,0.004834539256989956,0.008918681181967258,0.017837360206477228,0.9998222589492798,0.6492969751358032,0.6317775466747227
177,0.00699153364059219,99.97777777777777,1.8615774929523468,60.14,0.017437994839305415,0.06913375377655029,0.0048277536407113075,0.008925131522119045,0.017850268253494193,0.9999111294746399,0.6484442830085755,0.6283394487597721
178,0.006768202053287744,99.98666666666666,1.8661765813827516,60.44,0.017096551440580653,0.06900523662567139,0.004809821490198374,0.00889455433934927,0.017789110293708887,0.9999555945396423,0.6477161765098571,0.6280389130248154
179,0.006838006426485002,99.98444444444445,1.868339878320694,60.16,0.017233636133232703,0.06904694080352783,0.0048156362026929855,0.00891291443258524,0.017825841497142392,0.9997777938842773,0.6484639942646027,0.6335237374785827
180,0.006791942305757071,99.98222222222222,1.8612264543771744,60.5,0.01695730105168255,0.06895187377929687,0.004802384879440069,0.009116597473621368,0.018233202688770832,0.9999111294746399,0.6482868909835815,0.6286372632803491
181,0.006896796284391629,99.98666666666666,1.8673261016607285,60.44,0.016923030308205172,0.06890935420989991,0.004796463996171951,0.008860765025019646,0.017721537528959885,0.9998222589492798,0.6479209780693054,0.6289315946286582
182,0.006807086737932299,99.98666666666666,1.8656709283590316,60.16,0.01692843930453947,0.06908702850341797,0.004821229726076126,0.008980155922472477,0.017960294974591447,0.9999555945396423,0.6490092754364014,0.6326573620041513
183,0.006873144147737714,99.98666666666666,1.8724194079637528,60.0,0.016910336431187546,0.06893104553222656,0.004799484275281429,0.008878138847649097,0.017756279984569686,0.9999555945396423,0.6485590875148773,0.6324675518645007
184,0.006995465889551931,99.98,1.870018371939659,60.1,0.016704469491342386,0.068887357711792,0.004793402273207903,0.008870147168636322,0.017740284258152883,0.9998222589492798,0.6480946123600007,0.6284492767029665
185,0.007061406421020034,99.98444444444445,1.8685302317142487,60.0,0.016658327967650516,0.06891409397125244,0.004797123838216066,0.008851861581206322,0.017703720661202738,0.9998222589492798,0.6481684565544128,0.6291964340754739
186,0.006984725119598972,99.98,1.8747360765933991,60.14,0.016525559393879254,0.0689916706085205,0.00480792997404933,0.00887763500213623,0.017755269715562464,0.9997777938842773,0.6481317162513733,0.6304782569994215
187,0.006777184610572559,99.97777777777777,1.8693825751543045,60.28,0.016573101884558086,0.0689773178100586,0.004805929958820343,0.00896610226482153,0.017932207454581572,0.9998222589492798,0.6484233975410462,0.6285934322203401
188,0.006896196532497098,99.98444444444445,1.8709780246019363,60.14,0.01648722610755279,0.06899983406066895,0.00480906805023551,0.008911757729947567,0.017823517830507285,0.9998666644096375,0.6484756171703339,0.6310515437203478
189,0.006805631138955836,99.98222222222222,1.878395664691925,59.92,0.01652321993871229,0.06891017913818359,0.004796579014509916,0.008950886316597462,0.01790176848999309,0.9998222589492798,0.6481638729572297,0.632527455124652
190,0.006849337336131033,99.9888888888889,1.8739794939756393,60.1,0.016097537971874947,0.06888251781463622,0.004792728926986456,0.008857324719429016,0.017714650873902116,0.9999111294746399,0.6480480909347535,0.6294375196047903
191,0.006872587949725461,99.98222222222222,1.8775654435157776,60.5,0.016078715637134467,0.06883922100067139,0.00478670559823513,0.008972210809588432,0.017944437548070624,0.9998222589492798,0.6480654597282409,0.6300233892083547
192,0.006955290076968429,99.97777777777777,1.8759247720241548,60.2,0.01607758542641092,0.06889994621276856,0.004795154556632042,0.008751030080020428,0.0175020523337389,0.9998222589492798,0.6472014248371124,0.6287511858620463
193,0.006944026573116637,99.98222222222222,1.8736126989126205,60.02,0.01604286394203518,0.06885746479034424,0.00478924298658967,0.008753804489970207,0.017507604106585858,1.0,0.6484878420829773,0.6314008638998564
194,0.006909986420809714,99.99111111111111,1.8796557754278183,60.0,0.01593155810514906,0.06886490345001221,0.004790278151631355,0.008683726191520691,0.017367455727475233,0.9999555945396423,0.6479516804218293,0.6291710657687143
195,0.0069354421787217934,99.98666666666666,1.8754870742559433,60.22,0.015850615169470884,0.068802227973938,0.004781562369316816,0.008835076354444027,0.017670157933341812,0.9999111294746399,0.6471138536930084,0.6239063556756308
196,0.006871519816658375,99.98222222222222,1.8817293763160705,60.04,0.015913959216721597,0.06886586189270019,0.004790410865098238,0.00888961460441351,0.017779218914838565,0.9998666644096375,0.6470276236534118,0.6274141302527881
197,0.006825467676125382,99.98666666666666,1.8813333570957185,60.06,0.015718934258421715,0.06882743835449219,0.004785066936165094,0.008800453506410122,0.01760089481917376,0.9998666644096375,0.6474624931812286,0.6284390025039981
198,0.00694874785470099,99.98444444444445,1.8821556180715562,60.06,0.015516950294120735,0.06871078968048096,0.0047688609920442104,0.008729411289095879,0.017458825974547523,0.9999555945396423,0.6475852191448211,0.6298390726291193
199,0.006850106854637323,99.98444444444445,1.8796649515628814,60.24,0.015662543467719718,0.0688824462890625,0.004792718682438135,0.00887915026396513,0.017758310140326472,0.9998666644096375,0.6481760263442993,0.6313025973002049
200,0.006846622272860259,99.98222222222222,1.8817631036043168,59.9,0.015410550935604797,0.06870076656341553,0.0047674705274403095,0.008835620246827602,0.01767123867360226,0.9999555945396423,0.6477036476135254,0.6284776910829243
